,ENG-SPA_id,Phonemes_ENG,Phonemes_SPA,Total_phonemes_ENG,Total_phonemes_SPA
0,s2_6_seg1,"[('p', 0.02, 0.06), ('v', 0.2, 0.23)]","[('m', 0.146, 0.186), ('p', 0.936, 0.966)]",2,2
1,s2_6_seg2,"[('m', 2.68, 2.74)]","[('p', 1.626, 1.736), ('w', 1.736, 1.796), ('B', 2.066, 2.096)]",1,3
2,s2_6_seg3,"[('w', 0.23, 0.27), ('w', 0.43, 0.48), ('p', 0.73, 0.76), ('v', 0.88, 0.99), ('w', 1.55, 1.68), ('m', 2.03, 2.11), ('m', 2.71, 2.76), ('p', 2.76, 2.79)]","[('B', 0.676, 0.726), ('B', 1.066, 1.116), ('p', 1.266, 1.296), ('b', 1.686, 1.776), ('B', 2.046, 2.096), ('m', 2.466, 2.516), ('p', 2.516, 2.566)]",8,7
3,s2_6_seg4,"[('m', 0.06, 0.13), ('m', 0.23, 0.26), ('m', 1.11, 1.21), ('w', 1.21, 1.24), ('w', 1.34, 1.48), ('b', 2.04, 2.12), ('m', 2.29, 2.41)]","[('p', 0.476, 0.506), ('w', 0.506, 0.566), ('F', 0.906, 0.946), ('f', 0.946, 0.986), ('m', 1.546, 1.606), ('p', 2.286, 2.316), ('m', 2.456, 2.486)]",7,7
4,s2_6_seg5,"[('v', 0.22, 0.3), ('p', 0.4, 0.43), ('p', 0.47, 0.52), ('w', 0.67, 0.72), ('v', 2.45, 2.48), ('b', 2.74, 2.77)]","[('m', 0.0, 0.056), ('p', 0.566, 0.636), ('m', 1.546, 1.606), ('p', 2.586, 2.636)]",6,4
5,s2_6_seg6,"[('w', 0.0, 0.09), ('p', 2.11, 2.15)]","[('p', 0.0, 0.036), ('m', 1.156, 1.196), ('f', 1.536, 1.576), ('w', 1.576, 1.666), ('m', 2.766, 2.816)]",2,5
6,s2_6_seg7,"[('w', 0.06, 0.09), ('w', 0.25, 0.33), ('b', 0.45, 0.57)]","[('B', 0.416, 0.446), ('F', 0.716, 0.856)]",3,2
7,s2_6_seg8,"[('b', 0.43, 0.47)]","[('m', 0.0, 0.116), ('m', 0.276, 0.336), ('m', 0.736, 0.786)]",1,3
8,s2_6_seg9,"[('f', 0.4, 0.44)]",[],1,0
9,s2_6_seg10,"[('b', 0.0, 0.03), ('p', 0.3, 0.34), ('m', 0.51, 0.55), ('m', 0.71, 0.75), ('w', 1.04, 1.13)]","[('p', 0.0, 0.026), ('m', 0.156, 0.186), ('m', 0.396, 0.426)]",5,3
10,s2_6_seg11,[],"[('w', 0.226, 0.286)]",0,1
11,s2_6_seg12,"[('p', 0.14, 0.25), ('b', 1.0, 1.03), ('f', 2.07, 2.22)]","[('p', 0.676, 0.706), ('F', 2.536, 2.591), ('f', 2.591, 2.636)]",3,3
12,s2_6_seg13,"[('b', 0.15, 0.18), ('m', 0.23, 0.29)]","[('m', 0.326, 0.376)]",2,1
13,s2_6_seg14,"[('w', 0.13, 0.16), ('f', 0.47, 0.5), ('m', 0.57, 0.64)]","[('m', 0.186, 0.236), ('B', 0.276, 0.316), ('B', 0.536, 0.576), ('m', 0.706, 0.756)]",3,4
14,s2_6_seg15,"[('m', 0.04, 0.28), ('v', 1.04, 1.08), ('m', 1.17, 2.66), ('v', 2.84, 3.39), ('f', 3.45, 3.57), ('m', 3.67, 3.74)]","[('m', 0.796, 2.666), ('B', 2.946, 3.006), ('p', 3.646, 3.676), ('m', 3.756, 3.846)]",6,4
15,s2_6_seg16,"[('w', 0.06, 0.09), ('p', 0.7, 0.8)]","[('p', 0.916, 0.986)]",2,1
16,s2_6_seg17,"[('m', 0.0, 0.13), ('b', 0.2, 0.27), ('b', 0.53, 0.57), ('f', 0.91, 1.11), ('m', 1.42, 1.5), ('m', 1.76, 1.82)]","[('B', 0.106, 0.146), ('m', 0.446, 0.486), ('m', 0.626, 0.716), ('m', 1.086, 1.156), ('p', 1.156, 1.216)]",6,5
17,s2_6_seg18,"[('w', 0.1, 0.16), ('m', 0.26, 0.29), ('w', 1.08, 1.11), ('f', 1.44, 1.51), ('m', 1.55, 1.62)]","[('m', 0.226, 0.296), ('m', 0.836, 0.926), ('B', 0.966, 1.036), ('B', 1.306, 1.376), ('m', 1.516, 1.576)]",5,5
18,s2_6_seg19,"[('w', 0.32, 0.35), ('m', 0.9, 0.93), ('b', 1.48, 1.52)]",[],3,0
19,s2_6_seg20,"[('m', 0.04, 0.07), ('f', 0.2, 0.36), ('f', 0.68, 0.78), ('w', 1.37, 1.42), ('w', 1.63, 1.73)]","[('b', 0.016, 0.116), ('B', 1.196, 1.226)]",5,2
20,s2_6_seg21,"[('p', 0.21, 0.24)]","[('m', 0.216, 0.276), ('p', 0.366, 0.396), ('w', 1.806, 1.916)]",1,3
21,s2_6_seg22,"[('p', 0.08, 0.18), ('p', 1.65, 1.72), ('m', 1.98, 2.04)]","[('b', 0.116, 0.156), ('p', 1.736, 1.776), ('m', 2.046, 2.096)]",3,3
22,s2_6_seg23,[],[],0,0
23,s2_6_seg24,"[('m', 0.04, 0.64), ('w', 0.83, 0.86)]","[('b', 0.0, 0.036)]",2,1
24,s2_6_seg25,[],[],0,0
25,s2_6_seg26,"[('m', 0.04, 0.08), ('f', 0.85, 0.91)]","[('p', 0.356, 0.416), ('p', 0.786, 0.836)]",2,2
26,s2_6_seg27,"[('w', 0.0, 0.05), ('w', 0.09, 0.16), ('b', 0.26, 0.29), ('m', 0.69, 0.75), ('p', 1.38, 1.43)]","[('m', 0.126, 0.216), ('b', 0.216, 0.256), ('m', 0.646, 0.716), ('w', 1.316, 1.426)]",5,4
27,s2_6_seg28,"[('m', 0.37, 0.41), ('p', 0.44, 0.47), ('w', 0.79, 0.84), ('p', 1.06, 1.09)]","[('p', 0.276, 0.336), ('B', 0.736, 0.786)]",4,2
28,s2_6_seg29,"[('b', 0.0, 0.03), ('w', 0.65, 0.69), ('f', 1.08, 1.13), ('w', 1.95, 2.09), ('b', 2.46, 2.49)]","[('m', 0.226, 0.276), ('w', 0.556, 0.616), ('w', 0.936, 0.996)]",5,3
29,s2_6_seg30,"[('w', 0.0, 0.04), ('f', 0.36, 0.39)]","[('p', 0.0, 0.036)]",2,1
30,s2_6_seg31,"[('b', 0.71, 0.75)]","[('m', 0.366, 0.446)]",1,1
31,s2_6_seg32,"[('m', 0.88, 0.95)]","[('w', 0.446, 0.506), ('m', 0.776, 0.816)]",1,2
32,s2_6_seg33,"[('w', 1.96, 2.02), ('p', 2.36, 2.39), ('p', 2.51, 2.55)]","[('b', 1.726, 1.756), ('p', 2.436, 2.466)]",3,2
33,s2_6_seg34,[],[],0,0
34,s2_6_seg35,[],[],0,0
35,s2_6_seg36,"[('w', 1.89, 1.92), ('m', 2.44, 3.765), ('v', 3.83, 3.88)]","[('B', 3.726, 3.776)]",3,1
36,s2_6_seg37,[],"[('w', 0.166, 0.196)]",0,1
37,s2_6_seg38,"[('w', 0.23, 0.39), ('v', 0.52, 0.57), ('f', 0.8, 0.84)]","[('B', 0.246, 0.306), ('p', 0.556, 0.616)]",3,2
38,s2_6_seg39,"[('w', 0.2, 0.26), ('m', 1.21, 1.26), ('m', 1.85, 1.92), ('w', 1.92, 1.96), ('m', 2.03, 2.14)]","[('m', 0.546, 0.596), ('m', 0.866, 0.936), ('p', 1.546, 1.596), ('m', 2.016, 2.076)]",5,4
39,s2_6_seg40,[],"[('m', 0.126, 0.176)]",0,1
40,s2_6_seg41,"[('f', 0.3, 0.33)]",[],1,0
41,s2_6_seg42,"[('w', 0.28, 0.31), ('m', 0.5, 0.58)]","[('B', 1.856, 1.896)]",2,1
42,s2_6_seg43,"[('w', 0.29, 0.32), ('b', 0.41, 0.44)]","[('p', 0.586, 0.616), ('b', 1.006, 1.046)]",2,2
43,s2_6_seg44,"[('w', 0.44, 0.51), ('m', 0.75, 0.92), ('v', 3.08, 3.16)]","[('p', 0.0, 0.066), ('w', 0.066, 0.166), ('p', 0.356, 0.406), ('B', 3.286, 3.316)]",3,4
44,s2_6_seg45,"[('v', 0.27, 0.3)]","[('m', 0.176, 0.236), ('m', 0.696, 0.746)]",1,2
45,s2_6_seg46,"[('m', 0.76, 1.53), ('p', 1.53, 1.68)]","[('m', 1.536, 1.566), ('p', 1.566, 1.656), ('m', 1.776, 1.806)]",2,3
46,s2_6_seg47,"[('w', 0.12, 0.15)]",[],1,0
47,s2_6_seg48,"[('p', 0.05, 0.14), ('f', 0.23, 0.32)]","[('p', 0.006, 0.056), ('f', 0.146, 0.216), ('B', 1.086, 1.136)]",2,3
48,s2_6_seg49,"[('m', 0.16, 0.19), ('w', 0.55, 0.61), ('b', 1.52, 1.57)]","[('w', 0.046, 0.116), ('B', 0.296, 0.346), ('m', 0.396, 0.446), ('B', 1.546, 1.606), ('m', 1.686, 1.766)]",3,5
49,s2_6_seg50,"[('w', 0.09, 0.12), ('m', 0.62, 0.67)]","[('m', 0.426, 0.506)]",2,1
50,s2_6_seg51,"[('p', 0.54, 0.61), ('m', 0.69, 0.77), ('b', 1.59, 1.65)]","[('p', 0.0, 0.056), ('p', 0.566, 0.596), ('m', 0.676, 0.736)]",3,3
51,s2_6_seg52,"[('v', 0.47, 0.5), ('m', 0.89, 0.92), ('w', 0.97, 1.0)]","[('m', 0.206, 0.296), ('B', 0.346, 0.396), ('B', 1.176, 1.216)]",3,3
52,s2_6_seg53,"[('w', 0.0, 0.09), ('w', 0.43, 0.48), ('m', 0.7, 0.74), ('m', 2.07, 2.1), ('f', 2.36, 2.41)]","[('m', 0.636, 0.716), ('p', 0.886, 0.926), ('m', 1.736, 1.946)]",5,3
53,s2_6_seg54,"[('p', 1.61, 1.64), ('v', 1.87, 1.93), ('f', 2.125, 2.19), ('m', 2.54, 2.57), ('p', 2.57, 2.6)]","[('m', 0.276, 0.326), ('w', 1.006, 1.036), ('B', 1.066, 1.126), ('m', 1.866, 1.926), ('p', 1.926, 1.956), ('p', 2.216, 2.266), ('B', 2.326, 2.406)]",5,7
54,s2_6_seg55,"[('p', 0.46, 0.49), ('p', 0.53, 0.61), ('p', 1.25, 1.35)]","[('p', 0.536, 0.566), ('p', 0.666, 0.696), ('m', 2.396, 2.446)]",3,3
55,s2_6_seg56,"[('m', 0.48, 0.63)]","[('m', 0.456, 0.516)]",1,1
56,s2_6_seg57,"[('v', 1.99, 2.05), ('f', 2.12, 2.2), ('f', 2.52, 2.58), ('f', 3.43, 3.51), ('w', 3.7, 3.77), ('v', 4.32, 4.37), ('m', 4.37, 4.42), ('m', 4.62, 4.68), ('m', 4.71, 4.74)]","[('m', 0.756, 0.816), ('m', 1.176, 1.216), ('m', 1.736, 1.806), ('p', 2.226, 2.306), ('p', 2.706, 2.806), ('p', 3.316, 3.356), ('m', 3.436, 3.486), ('m', 3.756, 3.786), ('m', 3.786, 3.826), ('m', 3.876, 3.956), ('m', 4.166, 4.206)]",9,11
57,s2_6_seg58,"[('w', 0.375, 0.44), ('w', 0.67, 0.7), ('p', 0.94, 0.97), ('m', 3.67, 3.7)]","[('m', 0.396, 0.506), ('p', 1.926, 2.246), ('p', 2.806, 2.896), ('m', 3.136, 3.166), ('p', 3.286, 3.316)]",4,5
58,s2_6_seg59,"[('w', 0.0, 0.03), ('m', 2.62, 2.71), ('w', 3.13, 3.28), ('f', 3.595, 3.69), ('m', 3.76, 3.81), ('m', 4.07, 4.15)]","[('m', 0.536, 0.576), ('m', 1.896, 1.966), ('p', 2.976, 3.016), ('m', 3.866, 3.926), ('m', 3.926, 3.956)]",6,5
59,s2_6_seg60,"[('v', 0.32, 0.37), ('b', 0.37, 0.41), ('v', 0.58, 0.64), ('p', 1.13, 1.17), ('f', 1.77, 1.84)]","[('B', 0.616, 0.646), ('m', 0.856, 1.016)]",5,2
60,s2_6_seg61,[],"[('w', 0.586, 0.636)]",0,1
61,s2_6_seg62,"[('v', 0.56, 0.65), ('p', 0.96, 1.02), ('p', 1.34, 1.39), ('m', 1.69, 1.73)]","[('m', 0.426, 0.456), ('p', 0.706, 0.736), ('w', 1.576, 1.686)]",4,3
62,s2_6_seg63,[],[],0,0
63,s2_6_seg64,"[('m', 0.0, 0.05), ('m', 0.26, 0.29), ('b', 0.42, 0.49), ('b', 0.74, 0.79)]","[('m', 0.0, 0.046), ('m', 0.266, 0.346), ('B', 0.446, 0.516), ('f', 0.586, 0.64)]",4,4
64,s2_6_seg65,"[('m', 0.09, 0.15), ('v', 0.62, 0.67), ('p', 0.79, 0.88)]","[('m', 0.386, 0.416)]",3,1
65,s2_6_seg66,"[('f', 1.22, 1.27), ('m', 1.34, 1.43), ('m', 1.49, 8.22), ('v', 10.48, 10.54), ('b', 11.21, 11.24), ('b', 12.02, 12.05), ('b', 12.23, 12.26), ('f', 12.74, 12.84), ('m', 12.88, 12.96), ('b', 13.62, 13.7)]","[('p', 0.756, 0.796), ('B', 1.026, 1.066), ('m', 1.316, 1.366), ('m', 1.426, 1.476), ('p', 2.766, 2.816), ('B', 10.726, 10.756), ('p', 11.506, 11.556), ('w', 11.616, 11.696), ('f', 11.846, 11.936), ('B', 12.056, 12.126), ('p', 12.226, 12.286), ('p', 12.476, 12.546), ('w', 13.556, 13.656)]",10,13
66,s2_6_seg67,"[('b', 1.11, 1.14), ('p', 1.47, 1.51)]","[('p', 0.966, 1.006), ('p', 1.296, 1.346), ('w', 1.696, 1.756)]",2,3
67,s2_6_seg68,"[('w', 0.37, 0.41)]",[],1,0
68,s2_6_seg69,"[('w', 4.9, 4.94), ('m', 5.62, 5.66), ('f', 6.2, 6.275), ('p', 7.13, 7.16), ('v', 7.44, 7.52)]","[('b', 0.066, 0.116), ('p', 4.856, 5.016), ('p', 7.356, 7.426)]",5,3
69,s2_6_seg70,"[('w', 0.05, 0.08)]",[],1,0
70,s2_6_seg71,"[('v', 0.07, 0.15), ('v', 0.57, 0.6), ('v', 1.01, 1.09)]","[('B', 0.166, 0.206), ('b', 0.756, 0.806)]",3,2
71,s2_6_seg72,"[('p', 0.41, 0.45), ('m', 0.64, 0.7), ('w', 0.9, 0.95), ('v', 1.08, 1.16)]","[('m', 0.246, 0.276), ('p', 0.426, 0.466), ('m', 0.576, 0.616), ('m', 1.026, 1.066), ('B', 1.186, 1.216)]",4,5
72,s2_6_seg73,"[('m', 0.04, 0.1), ('p', 0.32, 0.36), ('v', 1.03, 1.06), ('v', 1.06, 1.12)]","[('m', 0.006, 0.066), ('p', 0.186, 0.266), ('m', 0.656, 0.706), ('b', 0.706, 0.756), ('B', 1.126, 1.166), ('B', 1.316, 1.366)]",4,6
73,s2_6_seg74,"[('f', 0.74, 0.8), ('v', 1.36, 1.43)]","[('f', 0.136, 0.186), ('m', 0.386, 0.426), ('p', 0.706, 0.756), ('B', 1.346, 1.376)]",2,4
74,s2_6_seg75,"[('w', 0.05, 0.09), ('p', 0.41, 0.44), ('v', 1.05, 1.1), ('w', 1.84, 1.89), ('m', 1.96, 2.06), ('b', 2.51, 2.62)]","[('p', 0.166, 0.256), ('B', 0.806, 0.836), ('p', 1.096, 1.206), ('w', 1.206, 1.266), ('p', 1.996, 2.056), ('m', 2.346, 2.396)]",6,6
75,s2_6_seg76,"[('w', 0.02, 0.05), ('m', 0.54, 0.58)]",[],2,0
76,s2_6_seg77,"[('v', 1.36, 1.4), ('p', 2.44, 2.51), ('p', 2.57, 2.62)]","[('p', 0.286, 0.356), ('B', 0.436, 0.466), ('p', 1.286, 1.366), ('B', 1.786, 1.836), ('p', 1.966, 2.056), ('p', 2.126, 2.176), ('p', 2.646, 2.726), ('B', 2.776, 2.806)]",3,8
77,s2_6_seg78,"[('m', 0.25, 0.33), ('p', 0.54, 0.62), ('p', 0.78, 0.82), ('w', 0.89, 1.01), ('b', 1.33, 1.38), ('b', 1.69, 1.73)]","[('p', 0.0, 0.026), ('p', 0.886, 0.956), ('m', 1.466, 1.536), ('B', 1.926, 1.976)]",6,4
78,s2_6_seg79,"[('m', 0.46, 0.59), ('b', 0.73, 0.76), ('m', 1.84, 1.96), ('b', 2.07, 2.15)]","[('p', 0.566, 0.606), ('m', 1.306, 1.336), ('B', 1.906, 1.966)]",4,3
79,s2_6_seg80,"[('m', 0.0, 0.08), ('w', 1.08, 1.11), ('v', 2.17, 2.2), ('b', 2.48, 2.52)]","[('m', 0.016, 0.176), ('B', 1.116, 1.166), ('w', 1.166, 1.216), ('p', 2.596, 2.646)]",4,4
80,s2_6_seg81,"[('w', 0.01, 0.06), ('m', 0.79, 0.83), ('w', 0.86, 0.95), ('f', 1.07, 1.13), ('m', 1.35, 1.38)]","[('p', 0.136, 0.196), ('m', 0.346, 0.416), ('m', 1.126, 1.196)]",5,3
81,s2_6_seg82,"[('f', 0.26, 0.31)]","[('p', 0.496, 0.566), ('B', 0.776, 0.816), ('m', 0.926, 0.986), ('m', 1.146, 1.196)]",1,4
82,s2_6_seg83,"[('w', 2.5, 2.55)]","[('m', 0.276, 0.336), ('p', 0.586, 0.616), ('m', 2.926, 2.986)]",1,3
83,s2_6_seg84,[],[],0,0
84,s2_6_seg85,"[('m', 0.37, 0.51), ('m', 1.55, 1.7), ('f', 1.92, 2.01)]","[('p', 0.566, 0.616), ('m', 0.646, 0.706), ('B', 1.466, 1.516)]",3,3
85,s2_6_seg86,"[('v', 0.48, 0.57)]",[],1,0
86,s2_6_seg87,"[('v', 0.28, 0.34), ('p', 0.94, 1.0), ('m', 1.13, 1.19), ('p', 1.52, 1.58), ('p', 1.69, 1.74)]","[('p', 0.586, 0.656), ('p', 0.966, 1.016), ('m', 1.126, 1.156), ('m', 1.456, 1.496), ('p', 1.496, 1.546)]",5,5
87,s2_6_seg88,"[('b', 0.12, 0.15), ('m', 0.34, 0.39), ('m', 0.39, 0.54)]","[('B', 0.426, 0.466), ('m', 0.706, 0.736)]",3,2
88,s2_6_seg89,"[('w', 0.4, 0.47)]","[('B', 0.376, 0.406)]",1,1
89,s2_6_seg90,"[('f', 0.07, 0.14), ('f', 0.45, 0.49), ('v', 1.99, 2.02)]","[('B', 1.826, 1.856), ('m', 2.136, 2.261)]",3,2
90,s2_6_seg91,"[('w', 0.495, 0.54), ('v', 1.11, 1.2), ('w', 1.57, 1.7), ('v', 1.74, 1.8), ('b', 1.8, 1.84)]","[('p', 0.0, 0.046), ('m', 0.346, 0.396), ('m', 1.216, 1.266)]",5,3
91,s2_6_seg92,"[('w', 0.07, 0.16), ('m', 1.48, 1.58)]","[('p', 0.616, 0.676), ('p', 1.466, 1.536), ('m', 2.176, 2.236)]",2,3
92,s2_6_seg93,"[('b', 0.11, 0.17), ('b', 0.23, 0.26), ('m', 0.75, 0.8), ('p', 0.8, 0.83), ('m', 1.56, 1.64), ('m', 1.8, 1.84), ('w', 1.9, 1.96), ('v', 2.09, 2.17), ('b', 2.39, 2.42)]","[('B', 0.106, 0.156)]",9,1
93,s2_6_seg94,"[('p', 0.37, 0.46), ('m', 0.56, 0.63)]","[('m', 0.106, 0.156), ('p', 0.406, 0.436)]",2,2
94,s2_6_seg95,"[('m', 0.14, 0.18)]",[],1,0
95,s2_6_seg96,"[('m', 0.54, 0.57)]","[('m', 0.406, 0.486), ('m', 0.856, 0.906), ('p', 0.956, 0.986)]",1,3
96,s2_6_seg97,"[('w', 0.4, 0.45), ('w', 0.61, 0.67), ('m', 0.85, 0.89), ('m', 1.18, 1.23)]","[('m', 1.156, 1.196), ('B', 1.266, 1.326), ('m', 1.456, 1.506), ('m', 1.946, 1.996)]",4,4
97,s2_6_seg98,"[('b', 1.79, 1.86)]","[('m', 0.206, 0.266), ('B', 1.786, 1.836)]",1,2
98,s2_6_seg99,"[('w', 1.84, 1.87), ('p', 2.26, 2.37)]","[('p', 1.096, 1.176), ('w', 1.206, 1.236), ('B', 1.306, 1.336), ('m', 2.146, 2.196)]",2,4
99,s2_6_seg100,"[('m', 0.25, 0.41), ('w', 0.7, 0.75), ('m', 0.86, 0.92), ('p', 1.07, 1.1), ('m', 1.59, 1.64)]","[('m', 0.286, 0.346), ('B', 1.016, 1.066)]",5,2
100,s2_6_seg101,"[('m', 0.14, 0.21), ('m', 0.79, 0.83), ('m', 1.4, 1.45), ('f', 1.45, 1.52), ('m', 1.76, 1.79), ('m', 1.83, 1.9)]",[],6,0
101,s2_6_seg102,"[('m', 0.36, 0.41), ('v', 1.02, 1.06), ('p', 1.14, 1.18), ('v', 1.48, 1.55), ('b', 1.63, 1.66)]","[('B', 0.496, 0.526), ('m', 0.716, 0.756), ('p', 0.816, 0.846), ('B', 1.426, 1.466), ('m', 1.596, 1.656)]",5,5
102,s2_6_seg103,"[('m', 0.29, 0.35), ('w', 1.13, 1.16), ('w', 1.43, 1.47)]","[('m', 1.806, 1.846)]",3,1
103,s2_6_seg104,"[('v', 0.39, 0.42), ('m', 0.95, 0.98), ('p', 1.21, 1.24)]","[('B', 0.216, 0.246), ('m', 0.776, 0.826), ('p', 0.916, 0.976)]",3,3
104,s2_6_seg105,"[('f', 0.47, 0.58), ('v', 2.0, 2.03), ('m', 2.03, 2.06), ('p', 2.43, 2.47)]","[('B', 0.496, 0.536), ('w', 0.536, 0.646), ('p', 2.366, 2.456), ('m', 2.826, 2.866), ('m', 2.976, 3.036), ('p', 3.036, 3.096)]",4,6
105,s2_6_seg106,"[('b', 0.05, 0.13), ('f', 0.23, 0.26), ('m', 0.5, 0.57), ('p', 0.57, 0.64), ('w', 0.96, 0.99), ('f', 1.05, 1.11), ('w', 1.38, 1.45), ('m', 2.0, 2.1)]","[('f', 0.716, 0.786), ('m', 0.876, 0.916), ('m', 1.386, 1.456)]",8,3
106,s2_6_seg107,"[('m', 0.05, 0.19), ('p', 0.19, 0.24), ('b', 0.5, 0.55), ('b', 0.86, 0.92), ('m', 0.99, 1.07), ('m', 1.83, 1.9), ('m', 1.9, 1.93), ('f', 3.83, 3.88)]","[('m', 0.346, 0.406), ('p', 0.406, 0.446), ('B', 0.706, 0.736), ('b', 1.006, 1.046), ('m', 1.216, 1.276), ('m', 1.786, 1.856), ('B', 1.946, 1.976), ('f', 2.746, 2.806), ('m', 3.286, 3.336)]",8,9
107,s2_6_seg108,"[('b', 1.0, 1.06), ('b', 1.24, 1.29), ('v', 1.79, 1.86), ('p', 1.92, 2.03)]","[('B', 0.326, 0.396), ('w', 0.396, 0.456), ('m', 0.746, 0.786), ('m', 1.376, 1.466), ('p', 1.466, 1.556)]",4,5
108,s2_6_seg109,"[('b', 0.0, 0.03), ('f', 0.22, 0.3), ('b', 0.72, 0.78)]","[('p', 0.0, 0.056), ('f', 0.246, 0.316), ('m', 0.886, 0.936)]",3,3
109,s2_6_seg110,"[('w', 0.11, 0.14), ('b', 0.18, 0.21), ('w', 3.02, 3.11), ('v', 4.05, 4.11), ('p', 4.39, 4.42)]","[('p', 1.956, 1.986), ('p', 3.726, 3.786), ('m', 3.946, 3.996), ('m', 4.596, 4.666)]",5,4
110,s2_6_seg111,"[('w', 0.25, 0.28), ('w', 0.8, 0.98), ('p', 1.1, 1.13)]","[('f', 0.466, 0.516), ('B', 1.566, 1.616), ('B', 1.726, 1.766)]",3,3
111,s2_6_seg112,"[('b', 0.0, 0.03), ('p', 0.3, 0.33)]","[('p', 0.446, 0.476), ('p', 1.316, 1.366)]",2,2
112,s2_6_seg113,[],"[('m', 0.146, 0.216)]",0,1
113,s2_6_seg114,"[('w', 0.15, 0.21), ('w', 0.84, 0.95), ('f', 1.57, 1.62), ('m', 1.72, 1.77)]","[('f', 0.111, 0.156), ('w', 0.156, 0.226), ('m', 0.546, 0.616), ('m', 1.756, 1.816), ('m', 2.206, 2.516)]",4,5
114,s2_6_seg115,"[('p', 0.0, 0.03), ('b', 0.31, 0.34), ('m', 0.6, 0.63)]","[('m', 0.076, 0.146), ('p', 0.496, 0.536), ('B', 0.596, 0.626)]",3,3
115,s2_6_seg116,"[('w', 0.0, 0.03), ('v', 0.4, 0.44), ('v', 1.07, 1.1), ('m', 1.29, 1.34)]","[('p', 0.566, 0.596), ('B', 0.686, 0.756), ('p', 1.076, 1.146), ('p', 1.266, 1.326), ('m', 1.426, 1.466)]",4,5
116,s2_6_seg117,"[('b', 0.25, 0.33), ('f', 0.92, 0.97)]","[('p', 0.156, 0.196), ('f', 0.846, 0.896)]",2,2
117,s2_6_seg118,"[('w', 0.0, 0.12), ('b', 0.78, 0.81), ('v', 0.95, 1.05), ('m', 1.64, 2.98), ('v', 3.74, 3.77)]","[('B', 0.886, 0.916), ('m', 1.056, 1.086), ('m', 2.926, 3.006), ('p', 4.796, 4.836), ('w', 4.836, 4.906)]",5,5
118,s2_6_seg119,"[('w', 0.23, 0.27), ('m', 4.11, 4.24)]","[('m', 0.476, 0.516), ('p', 0.716, 0.746)]",2,2
119,s2_6_seg120,"[('w', 1.95, 2.15)]","[('m', 1.816, 1.916)]",1,1
120,s2_6_seg121,"[('m', 0.31, 0.41), ('v', 0.53, 0.58), ('w', 1.23, 1.27), ('m', 1.405, 1.46), ('m', 1.55, 1.61)]","[('p', 0.0, 0.046), ('m', 0.356, 0.446), ('B', 0.496, 0.566), ('m', 1.296, 1.336), ('m', 1.336, 1.426), ('m', 1.476, 1.516), ('p', 2.096, 2.156)]",5,7
121,s2_6_seg122,"[('p', 0.5, 0.61), ('p', 1.02, 1.06), ('f', 1.06, 1.17), ('m=', 1.17, 1.31), ('m', 1.31, 1.42), ('w', 1.8, 1.9)]","[('p', 0.356, 0.386), ('m', 1.196, 1.246)]",6,2
122,s2_6_seg123,"[('b', 0.0, 0.05), ('w', 1.0, 1.03), ('w', 3.29, 3.38)]","[('p', 0.0, 0.046), ('f', 3.196, 3.256), ('m', 3.316, 3.366)]",3,3
123,s2_6_seg124,"[('w', 0.21, 0.25), ('m', 1.94, 2.01), ('b', 2.01, 2.1)]","[('B', 0.406, 0.466), ('p', 0.996, 1.066), ('p', 1.416, 1.446)]",3,3
124,s2_6_seg125,"[('w', 0.27, 0.31), ('b', 0.63, 0.68), ('f', 0.88, 0.99)]","[('f', 0.686, 0.726)]",3,1
125,s2_6_seg126,"[('w', 0.25, 0.28), ('b', 0.43, 0.46), ('p', 0.68, 0.75)]","[('p', 0.536, 0.586)]",3,1
126,s2_6_seg127,"[('b', 0.35, 0.38), ('v', 1.8, 1.85), ('b', 1.99, 2.03), ('b', 2.4, 2.43), ('m', 2.7, 2.74)]","[('m', 0.836, 0.936), ('p', 0.936, 0.996), ('p', 1.566, 1.646), ('m', 2.516, 2.546)]",5,4
127,s2_6_seg128,"[('b', 0.32, 0.35), ('w', 0.46, 0.49), ('f', 0.77, 0.91)]","[('m', 0.216, 0.306), ('B', 0.436, 0.476)]",3,2
128,s2_6_seg129,"[('m', 0.0, 0.06), ('b', 0.13, 0.16), ('w', 0.41, 0.54), ('b', 2.74, 2.77), ('w', 3.0, 3.08)]","[('f', 1.046, 1.076), ('p', 2.656, 2.696)]",5,2
129,s2_6_seg130,"[('w', 0.0, 0.09)]","[('p', 0.0, 0.036)]",1,1
130,s2_6_seg131,"[('m', 0.87, 1.02)]","[('p', 0.846, 0.886)]",1,1
131,s2_6_seg132,"[('p', 0.0, 0.06), ('v', 0.71, 0.75), ('p', 0.95, 0.98), ('b', 1.96, 1.99), ('w', 2.24, 2.27), ('m', 2.86, 2.94), ('m', 3.87, 3.94)]","[('p', 0.0, 0.046), ('w', 1.146, 1.196), ('p', 1.656, 1.856), ('F', 2.366, 2.456), ('w', 2.456, 2.526), ('m', 3.006, 3.076), ('f', 3.466, 3.516), ('m', 3.936, 4.016)]",7,8
132,s2_6_seg133,"[('w', 0.02, 0.14)]",[],1,0
133,s2_6_seg134,"[('m', 0.47, 0.5), ('w', 2.27, 2.41), ('f', 3.16, 3.26)]","[('B', 0.616, 0.676), ('B', 2.396, 2.446), ('f', 2.946, 3.036), ('B', 3.096, 3.166)]",3,4
134,s2_6_seg135,"[('m', 0.47, 0.52), ('v', 0.9, 0.97), ('p', 2.36, 2.43), ('p', 2.58, 2.61), ('m', 2.82, 2.9), ('p', 2.9, 2.93)]","[('B', 1.126, 1.166), ('m', 2.086, 2.136), ('p', 2.676, 2.756), ('p', 2.836, 2.886)]",6,4
135,s2_6_seg136,"[('p', 0.59, 0.62), ('w', 1.63, 1.72), ('p', 1.98, 2.1)]","[('m', 0.566, 0.656), ('w', 2.386, 2.426)]",3,2
136,s2_6_seg137,"[('m', 0.92, 0.99), ('m', 1.24, 1.31)]","[('p', 0.526, 0.576), ('w', 0.576, 0.656), ('m', 1.196, 1.226), ('m', 1.486, 1.526)]",2,4
137,s2_6_seg138,"[('v', 1.96, 2.0), ('b', 2.15, 2.18), ('p', 2.32, 2.37)]","[('m', 2.356, 2.406), ('p', 2.406, 2.516), ('m', 2.996, 3.026), ('b', 3.026, 3.066), ('B', 3.306, 3.336)]",3,5
138,s2_6_seg139,"[('v', 0.73, 0.77)]",[],1,0
139,s2_6_seg140,"[('w', 0.45, 0.48), ('m', 0.6, 0.65), ('p', 0.86, 0.89), ('b', 0.97, 1.0), ('v', 1.22, 1.26), ('m', 1.52, 2.53), ('m', 2.7, 2.82)]","[('B', 0.356, 0.386), ('p', 1.096, 1.146), ('m', 2.726, 2.786), ('B', 2.886, 2.936)]",7,4
140,s2_6_seg141,"[('w', 0.02, 0.08), ('w', 2.09, 2.14), ('f', 2.37, 2.45), ('m', 2.5, 2.56)]","[('F', 2.376, 2.406), ('f', 2.406, 2.516), ('m', 2.666, 2.716), ('m', 3.056, 3.116), ('p', 4.166, 4.206), ('w', 4.206, 4.326)]",4,6
141,s2_6_seg142,"[('m', 0.0, 0.04), ('f', 0.09, 0.22)]","[('w', 0.366, 0.456), ('B', 0.506, 0.566), ('B', 0.626, 0.686)]",2,3
142,s2_6_seg143,"[('b', 2.15, 2.18), ('m', 3.43, 3.47), ('m', 3.5, 3.56)]","[('p', 0.266, 0.356), ('w', 0.356, 0.416), ('m', 0.956, 0.996), ('B', 1.326, 1.376), ('p', 2.036, 2.076), ('B', 2.336, 2.386)]",3,6
143,s2_6_seg144,"[('m', 0.49, 0.54)]","[('p', 0.296, 0.326), ('w', 1.086, 1.176), ('m', 1.431, 1.496)]",1,3
144,s2_6_seg145,"[('b', 0.21, 0.27), ('m', 0.49, 1.49), ('v', 1.67, 1.71), ('v', 1.95, 2.01), ('m', 2.71, 3.83), ('m', 4.15, 4.21), ('v', 4.61, 4.66), ('f', 4.97, 5.04), ('m', 5.04, 5.16)]","[('p', 0.0, 0.036), ('m', 0.676, 1.096), ('m', 1.186, 1.366), ('m', 1.446, 1.496), ('b', 1.496, 1.526), ('B', 2.276, 2.326), ('w', 3.326, 3.516), ('B', 4.936, 5.026)]",9,8
145,s2_6_seg146,"[('w', 0.21, 0.31), ('p', 2.16, 2.19), ('b', 2.31, 2.34), ('v', 2.75, 2.87), ('m', 3.49, 3.55)]","[('B', 0.166, 0.226), ('m', 0.836, 0.916), ('p', 1.196, 1.236), ('m', 1.586, 1.936), ('m', 3.286, 3.366)]",5,5
146,s2_6_seg147,"[('b', 0.89, 0.94), ('m', 1.43, 2.98), ('f', 3.03, 3.06), ('p', 3.24, 3.27), ('f', 3.83, 3.86), ('v', 4.06, 4.14)]","[('m', 0.786, 0.836), ('p', 1.386, 1.426), ('m', 2.306, 3.096), ('p', 3.096, 3.156), ('p', 3.656, 3.716), ('m', 4.066, 4.156), ('p', 4.156, 4.196)]",6,7
147,s2_6_seg148,"[('m', 0.49, 0.53), ('m', 0.62, 0.7), ('b', 0.7, 0.73)]","[('B', 0.596, 0.636)]",3,1
148,s2_6_seg149,"[('f', 1.39, 1.42), ('m', 3.67, 3.79)]","[('p', 1.366, 1.446), ('w', 1.446, 1.476), ('m', 3.576, 3.626)]",2,3
149,s2_6_seg150,"[('w', 1.05, 1.11)]","[('p', 0.446, 0.506), ('w', 0.506, 0.546), ('B', 0.796, 0.826), ('w', 1.316, 1.416), ('m', 1.506, 1.556)]",1,5
150,s2_6_seg151,"[('v', 1.28, 1.31)]","[('B', 0.476, 0.516), ('B', 1.476, 1.536)]",1,2
151,s2_6_seg152,"[('w', 1.35, 1.42), ('w', 1.67, 1.7), ('f', 2.0, 2.1), ('b', 2.32, 2.36)]","[('p', 1.606, 1.666), ('p', 1.976, 2.036), ('m', 2.326, 2.386)]",4,3
152,s2_6_seg153,"[('m', 0.58, 0.63)]","[('m', 0.686, 0.736)]",1,1
153,s2_6_seg154,"[('f', 0.0, 0.13)]","[('m', 0.116, 0.146), ('B', 0.986, 1.016)]",1,2
154,s2_6_seg155,"[('v', 0.65, 0.68), ('p', 0.96, 1.02), ('b', 1.29, 1.38), ('v', 1.55, 1.59)]","[('m', 0.586, 0.756), ('p', 1.236, 1.286), ('B', 1.556, 1.586)]",4,3
155,s2_6_seg156,"[('b', 0.93, 0.97), ('w', 1.13, 1.18)]","[('p', 0.776, 0.836), ('m', 1.196, 1.256), ('f', 1.401, 1.486), ('B', 1.526, 1.556)]",2,4
156,s2_6_seg157,"[('w', 0.33, 0.38)]",[],1,0
157,s2_6_seg158,"[('m', 0.37, 0.4)]","[('m', 0.206, 0.246)]",1,1
158,s2_6_seg159,"[('w', 0.0, 0.15)]","[('m', 0.846, 0.896), ('m', 1.026, 1.056)]",1,2
159,s2_6_seg160,"[('m', 0.48, 1.23), ('m', 1.45, 1.48), ('m', 2.75, 2.78), ('f', 3.08, 3.13)]","[('m', 1.356, 1.436), ('m', 1.776, 1.836)]",4,2
160,s2_6_seg161,"[('w', 0.01, 0.14), ('w', 0.93, 0.99), ('b', 1.44, 1.48), ('f', 1.51, 1.62)]","[('B', 0.936, 0.966), ('p', 1.786, 1.826)]",4,2
161,s2_6_seg162,"[('m', 0.12, 0.16), ('w', 0.31, 0.34), ('v', 0.77, 1.45)]","[('p', 0.116, 0.176), ('p', 0.536, 0.596), ('B', 1.506, 1.546)]",3,3
162,s2_6_seg163,"[('v', 0.27, 0.35), ('b', 1.74, 1.77)]",[],2,0
163,s2_6_seg164,"[('v', 0.18, 0.21)]","[('p', 1.256, 1.306), ('p', 1.606, 1.646)]",1,2
164,s2_6_seg165,"[('w', 0.0, 0.03)]","[('p', 0.196, 0.266)]",1,1
165,s2_6_seg166,[],[],0,0
166,s2_6_seg167,"[('m', 0.13, 0.17), ('b', 0.43, 0.48), ('v', 0.7, 0.8), ('f', 1.14, 1.17), ('f', 1.41, 1.49)]","[('B', 0.206, 0.236), ('f', 0.776, 0.846), ('p', 1.186, 1.246)]",5,3
167,s2_6_seg168,"[('f', 0.68, 0.73), ('v', 0.89, 0.96), ('v', 1.39, 1.46), ('p', 2.64, 2.74), ('f', 3.04, 3.13)]","[('m', 0.146, 0.176), ('B', 1.596, 1.626), ('B', 2.456, 2.516), ('p', 2.936, 2.966)]",5,4
168,s2_6_seg169,"[('v', 0.87, 0.99)]","[('w', 1.066, 1.176)]",1,1
169,s2_6_seg170,"[('m', 0.08, 0.15), ('p', 0.15, 0.18), ('f', 0.82, 0.91), ('m', 0.98, 1.03), ('m', 1.28, 1.32)]","[('p', 0.176, 0.206), ('m', 1.036, 1.196), ('m', 1.656, 1.706)]",5,3
170,s2_6_seg171,"[('f', 1.09, 1.18), ('v', 1.4, 1.45)]","[('p', 0.406, 0.446), ('m', 1.636, 1.676), ('p', 1.676, 1.726)]",2,3
171,s2_6_seg172,"[('m', 0.55, 0.61), ('m', 0.71, 0.76), ('v', 1.0, 1.08), ('m', 1.08, 1.14), ('m', 1.44, 1.48), ('f', 1.58, 1.68), ('m', 1.8, 1.83), ('v', 2.91, 2.94), ('v', 3.34, 3.38), ('m', 3.8, 3.84), ('m', 4.06, 4.12), ('m', 4.2, 4.23), ('b', 4.23, 4.26)]","[('w', 0.586, 0.656), ('B', 0.956, 1.016), ('m', 1.096, 1.126), ('m', 1.306, 1.416), ('f', 1.516, 1.596), ('m', 1.676, 1.716)]",13,6
172,s2_6_seg173,"[('w', 0.04, 0.07)]","[('p', 0.176, 0.246)]",1,1
173,s2_6_seg174,"[('m', 0.17, 0.24), ('f', 1.36, 1.58), ('m', 1.72, 1.77), ('m', 2.06, 2.09), ('f', 2.19, 2.26)]","[('m', 0.736, 0.766), ('f', 1.686, 1.726), ('m', 1.846, 1.876), ('p', 2.456, 2.506), ('m', 2.596, 2.626)]",5,5
174,s2_6_seg175,"[('m', 0.02, 0.09), ('b', 0.17, 0.2), ('w', 0.27, 0.36), ('m', 0.56, 0.62)]","[('p', 0.016, 0.046), ('m', 0.256, 0.296), ('p', 0.456, 0.496)]",4,3
175,s2_6_seg176,"[('w', 0.02, 0.08), ('v', 0.39, 0.45)]",[],2,0
176,s2_6_seg177,"[('w', 0.15, 0.19), ('m', 0.28, 0.34), ('p', 0.45, 0.53), ('m', 3.23, 3.29), ('p', 3.29, 3.32), ('m', 3.58, 3.65), ('m', 3.78, 3.85), ('p', 3.97, 4.08)]","[('m', 0.486, 0.526), ('p', 0.666, 0.716), ('m', 3.156, 3.276), ('p', 3.276, 3.426), ('m', 4.036, 4.146)]",8,5
177,s2_6_seg178,"[('m', 0.18, 0.23)]","[('m', 0.626, 0.686)]",1,1
178,s2_6_seg179,"[('w', 0.165, 0.23), ('b', 0.53, 0.65)]","[('B', 0.456, 0.526), ('w', 0.526, 0.576), ('B', 0.676, 0.706)]",2,3
179,s2_6_seg180,"[('m', 0.26, 0.31), ('p', 0.31, 0.35), ('w', 1.56, 1.61), ('v', 1.75, 1.83), ('v', 2.59, 2.68)]","[('m', 0.346, 0.406), ('p', 0.406, 0.546), ('m', 1.066, 1.096), ('b', 1.096, 1.136), ('m', 1.696, 1.756), ('w', 1.966, 2.056), ('B', 2.086, 2.156)]",5,7
180,s2_6_seg181,"[('m', 0.13, 0.23), ('b', 0.23, 0.26), ('b', 1.34, 1.4), ('f', 1.84, 1.955), ('v', 2.25, 2.29)]","[('b', 0.016, 0.126), ('w', 0.126, 0.216), ('B', 0.316, 0.356), ('m', 0.556, 0.616), ('B', 1.926, 1.976)]",5,5
181,s2_6_seg182,"[('v', 0.24, 0.3), ('m', 0.3, 0.34), ('w', 0.46, 0.66)]","[('m', 0.286, 0.346), ('p', 0.426, 0.506), ('B', 0.696, 0.726)]",3,3
182,s2_6_seg183,"[('w', 0.05, 0.13), ('b', 0.22, 0.26), ('p', 0.46, 0.5)]","[('w', 0.586, 0.616)]",3,1
183,s2_6_seg184,"[('b', 0.19, 0.23), ('v', 0.66, 0.72), ('f', 2.71, 2.77), ('b', 2.86, 2.89)]","[('m', 0.636, 0.686), ('f', 1.616, 1.686), ('B', 2.331, 2.376), ('B', 2.776, 2.846)]",4,4
184,s2_6_seg185,"[('m', 0.4, 0.44)]","[('F', 0.186, 0.216), ('f', 0.216, 0.376), ('m', 0.636, 0.696)]",1,3
185,s2_6_seg186,"[('w', 0.02, 0.06)]",[],1,0
186,s2_6_seg187,"[('b', 0.04, 0.07), ('f', 0.24, 0.39), ('f', 0.71, 0.81)]","[('B', 0.376, 0.426), ('m', 1.026, 1.086)]",3,2
187,s2_6_seg188,"[('m', 0.29, 0.35)]",[],1,0
188,s2_6_seg189,"[('w', 0.08, 0.16), ('f', 0.9, 0.94)]","[('p', 0.0, 0.026), ('p', 0.626, 0.666)]",2,2
189,s2_6_seg190,[],"[('m', 0.336, 0.606)]",0,1
190,s2_6_seg191,"[('p', 0.69, 0.73), ('f', 1.89, 1.92), ('b', 2.08, 2.13), ('m', 2.41, 2.47), ('p', 2.47, 2.51), ('v', 2.59, 2.62)]","[('m', 0.986, 1.046), ('p', 1.796, 1.836), ('B', 1.966, 2.016), ('p', 2.346, 2.416), ('m', 2.646, 2.726)]",6,5
191,s2_6_seg192,"[('w', 0.24, 0.32), ('w', 0.5, 0.53)]","[('B', 0.286, 0.316), ('p', 0.536, 0.586)]",2,2
192,s2_6_seg193,"[('f', 0.61, 0.64), ('v', 0.87, 0.91), ('w', 3.99, 4.07)]","[('m', 0.696, 0.756), ('f', 0.796, 0.866)]",3,2
193,s2_6_seg194,"[('m', 0.53, 0.58)]","[('m', 0.226, 0.306)]",1,1
194,s2_6_seg195,"[('f', 0.04, 0.08)]","[('b', 0.006, 0.036)]",1,1
195,s2_6_seg196,"[('m', 0.24, 0.64), ('f', 1.32, 1.35)]","[('p', 0.0, 0.046), ('p', 1.266, 1.296)]",2,2
196,s2_6_seg197,[],"[('p', 0.186, 0.216), ('w', 0.216, 0.266)]",0,2
197,s2_6_seg198,[],[],0,0
198,s2_6_seg199,"[('w', 0.12, 0.17)]",[],1,0
199,s2_6_seg200,"[('f', 0.35, 0.42), ('m', 1.12, 1.18), ('w', 1.18, 1.21), ('w', 1.54, 1.65)]",[],4,0
200,s2_6_seg201,"[('m', 0.29, 0.36), ('w', 0.55, 0.64), ('m', 1.05, 1.13), ('f', 1.13, 1.21), ('m', 1.26, 1.29)]","[('m', 0.516, 0.576), ('m', 0.876, 0.966), ('B', 1.326, 1.356)]",5,3
201,s2_6_seg202,"[('m', 0.25, 0.28), ('w', 0.28, 0.31), ('m', 1.75, 1.78), ('m', 2.04, 2.12), ('m', 2.9, 2.97), ('v', 3.13, 3.19)]","[('m', 0.436, 0.476), ('m', 1.106, 1.186)]",6,2
202,s2_6_seg203,"[('m', 1.07, 1.14), ('v', 1.72, 1.84)]","[('p', 0.256, 0.286), ('m', 0.646, 0.676), ('B', 0.801, 0.836), ('p', 1.346, 1.376)]",2,4
203,s2_6_seg204,"[('p', 0.93, 1.01), ('v', 1.23, 1.27), ('m', 1.63, 1.7), ('m', 2.19, 2.92), ('m', 3.18, 3.22), ('b', 3.22, 3.25), ('w', 3.38, 3.51)]",[],7,0
204,s2_6_seg205,"[('p', 0.49, 0.52)]","[('B', 0.206, 0.236), ('m', 1.156, 1.226)]",1,2
205,s2_6_seg206,"[('p', 0.26, 0.34), ('m', 0.68, 0.74)]","[('p', 0.156, 0.186), ('m', 0.656, 0.686), ('p', 0.686, 0.716)]",2,3
206,s2_6_seg207,[],[],0,0
207,s2_6_seg208,[],[],0,0
208,s2_6_seg209,"[('m', 0.17, 0.23), ('v', 0.56, 0.64), ('b', 0.71, 0.76), ('w', 1.46, 1.49), ('v', 1.66, 1.69), ('b', 2.31, 2.35)]","[('m', 0.196, 0.256), ('m', 0.476, 0.536), ('b', 1.256, 1.306), ('f', 2.396, 2.436)]",6,4
209,s2_6_seg210,"[('b', 0.31, 0.35)]","[('b', 0.116, 0.146), ('p', 0.246, 0.306), ('m', 0.486, 0.536), ('B', 0.716, 0.746), ('m', 0.906, 0.936), ('m', 0.936, 0.986), ('m', 1.026, 1.086)]",1,7
210,s2_6_seg211,"[('p', 0.0, 0.05), ('v', 0.16, 0.21), ('f', 0.33, 0.39), ('b', 0.78, 0.81), ('b', 1.03, 1.06)]","[('m', 0.496, 0.536), ('b', 0.536, 0.576), ('B', 0.966, 1.036)]",5,3
211,s2_6_seg212,[],"[('p', 0.326, 0.366), ('m', 0.636, 0.686)]",0,2
212,s2_6_seg213,"[('b', 0.48, 0.54), ('m', 1.12, 1.17), ('w', 1.17, 1.2), ('f', 1.3, 1.38), ('w', 1.53, 1.6)]","[('B', 0.666, 0.716), ('B', 1.036, 1.086), ('m', 1.856, 1.886)]",5,3
213,s2_6_seg214,"[('v', 0.38, 0.43), ('f', 0.43, 0.46), ('v', 0.5, 0.54), ('m', 0.54, 0.57)]","[('m', 0.876, 0.936)]",4,1
214,s2_6_seg215,"[('w', 0.18, 0.22)]","[('p', 0.556, 0.606), ('p', 2.696, 2.766), ('p', 3.106, 3.136), ('w', 3.166, 3.196), ('B', 3.246, 3.286)]",1,5
215,s2_6_seg216,"[('p', 0.28, 0.33), ('f', 1.05, 1.16)]","[('f', 0.926, 1.036), ('b', 1.686, 1.716)]",2,2
216,s2_6_seg217,"[('m', 0.29, 0.36), ('b', 0.63, 0.7), ('v', 3.12, 3.18), ('m', 3.4, 3.5), ('m', 4.08, 4.15), ('v', 4.25, 4.3), ('b', 5.43, 5.46), ('v', 5.62, 5.68), ('w', 5.75, 5.78), ('p', 6.33, 6.45), ('w', 6.94, 7.04), ('w', 7.64, 7.73)]","[('m', 0.536, 0.616), ('w', 4.046, 4.106), ('m', 4.356, 4.386), ('p', 5.306, 5.436), ('m', 7.106, 7.186), ('w', 7.756, 7.816)]",12,6
217,s2_6_seg218,"[('m', 1.07, 1.1)]","[('B', 0.366, 0.406), ('m', 0.726, 0.766), ('b', 0.766, 0.796), ('p', 1.076, 1.126)]",1,4
218,s2_6_seg219,[],"[('F', 0.416, 0.476), ('p', 0.536, 0.566), ('B', 1.066, 1.096)]",0,3
219,s2_6_seg220,"[('m', 0.12, 0.19)]","[('m', 0.536, 0.606)]",1,1
220,s2_6_seg221,"[('w', 0.37, 0.43), ('w', 2.1, 2.16), ('w', 2.33, 2.36), ('w', 2.92, 2.98), ('b', 3.13, 3.16)]","[('B', 0.346, 0.386), ('w', 2.286, 2.376), ('B', 3.496, 3.526)]",5,3
221,s2_6_seg222,"[('w', 0.17, 0.25), ('f', 0.6, 0.63), ('w', 1.61, 1.67), ('m', 2.09, 2.13), ('f', 2.26, 2.29), ('m', 2.36, 2.39)]","[('B', 1.896, 1.926), ('p', 2.366, 2.436), ('m', 2.556, 2.586)]",6,3
222,s2_6_seg223,"[('f', 0.11, 0.22), ('m', 0.49, 0.54), ('m', 0.8, 0.84)]","[('m', 0.246, 0.336), ('B', 0.756, 0.786)]",3,2
223,s2_6_seg224,"[('p', 1.12, 1.15), ('b', 2.02, 2.06), ('w', 2.62, 2.65), ('p', 4.68, 4.84)]","[('p', 1.396, 1.426), ('p', 1.686, 1.746), ('B', 2.546, 2.586), ('F', 2.666, 2.736), ('w', 2.736, 2.826), ('B', 5.106, 5.146)]",4,6
224,s2_6_seg225,"[('w', 0.0, 0.03)]","[('p', 0.176, 0.206)]",1,1
225,s2_6_seg226,"[('b', 0.01, 0.05), ('p', 2.08, 2.25)]","[('B', 0.666, 0.716)]",2,1
226,s2_6_seg227,"[('b', 0.16, 0.2), ('m', 0.48, 0.58), ('m', 0.96, 1.08), ('f', 1.08, 1.12)]","[('b', 0.226, 0.266), ('m', 0.596, 0.696), ('B', 1.266, 1.296)]",4,3
227,s2_6_seg228,"[('p', 0.26, 0.34), ('f', 2.36, 2.48), ('m', 2.84, 2.91), ('m', 3.18, 3.23), ('v', 3.45, 3.48)]","[('B', 0.186, 0.226), ('B', 0.346, 0.406), ('F', 1.146, 1.516), ('m', 2.546, 2.686), ('B', 3.206, 3.236), ('p', 3.596, 3.666)]",5,6
228,s2_6_seg229,"[('m', 0.43, 0.6), ('w', 2.27, 2.3), ('w', 2.95, 2.99), ('b', 3.2, 3.24)]","[('B', 3.026, 3.056), ('b', 3.466, 3.496)]",4,2
229,s2_6_seg230,"[('f', 0.05, 0.19)]",[],1,0
230,s2_6_seg231,"[('b', 0.37, 0.42)]","[('B', 0.286, 0.336)]",1,1
231,s2_6_seg232,"[('f', 0.24, 0.32)]","[('p', 0.0, 0.046)]",1,1
232,s2_6_seg233,"[('m', 0.08, 0.11), ('v', 0.28, 0.32), ('m', 1.06, 1.14), ('m', 1.265, 1.34)]","[('w', 0.056, 0.106), ('B', 0.316, 0.346), ('B', 0.376, 0.416)]",4,3
233,s2_6_seg234,"[('w', 0.0, 0.03), ('v', 0.34, 0.38), ('m', 0.38, 0.41), ('m', 1.15, 1.21), ('w', 1.5, 1.53)]","[('m', 0.206, 0.296), ('m', 0.606, 0.666), ('p', 0.666, 0.716), ('p', 1.746, 1.776)]",5,4
234,s2_6_seg235,"[('f', 0.34, 0.39), ('w', 2.29, 2.33), ('w', 2.37, 2.4), ('f', 2.51, 2.59)]","[('p', 0.146, 0.216), ('m', 1.406, 1.486), ('w', 1.856, 1.926), ('m', 2.556, 2.626)]",4,4
235,s2_6_seg236,"[('v', 0.2, 0.23), ('v', 0.33, 0.36), ('m', 0.42, 0.5), ('p', 0.56, 0.68), ('p', 0.75, 0.82), ('p', 1.12, 1.26), ('m', 2.2, 2.31)]","[('m', 0.126, 0.196), ('m', 0.636, 0.676)]",7,2
236,s2_6_seg237,"[('m', 0.4, 0.43), ('v', 0.66, 0.705), ('m', 0.705, 0.8), ('m', 0.91, 1.01), ('b', 1.11, 1.17), ('m', 1.34, 1.45)]","[('m', 0.216, 0.276), ('m', 0.406, 0.446), ('m', 0.736, 0.786), ('p', 1.086, 1.126)]",6,4
237,s2_6_seg238,"[('w', 0.11, 0.14), ('p', 0.37, 0.4), ('v', 0.55, 0.59), ('w', 0.82, 0.94), ('m', 1.14, 1.21), ('w', 1.775, 1.81)]","[('B', 1.546, 1.616)]",6,1
238,s2_6_seg239,"[('f', 1.06, 1.18)]","[('m', 0.506, 0.556)]",1,1
239,s2_6_seg240,"[('w', 0.15, 0.18), ('f', 0.71, 0.99)]","[('f', 0.196, 0.266)]",2,1
240,s2_6_seg241,"[('v', 0.0, 0.2), ('w', 0.41, 0.44)]","[('w', 0.146, 0.216)]",2,1
241,s2_6_seg242,"[('p', 0.35, 0.4), ('w', 0.57, 0.6), ('f', 0.85, 0.9), ('m', 0.99, 1.02), ('m', 1.06, 1.09)]","[('p', 0.006, 0.056), ('m', 0.246, 0.296), ('B', 0.496, 0.566), ('m', 0.866, 0.896), ('m', 0.976, 1.026)]",5,5
242,s2_6_seg243,"[('p', 0.71, 0.8), ('w', 2.5, 2.57), ('w', 3.46, 3.52)]","[('B', 0.306, 0.366), ('p', 1.006, 1.086), ('p', 2.606, 2.676), ('m', 3.296, 3.376)]",3,4
243,s2_6_seg244,"[('v', 0.11, 0.18), ('b', 0.18, 0.21), ('w', 0.35, 0.41), ('m', 0.77, 0.83), ('p', 0.83, 0.88), ('f', 1.05, 1.17)]","[('B', 0.156, 0.216), ('m', 0.496, 0.576), ('p', 0.576, 0.656)]",6,3
244,s2_6_seg245,"[('w', 0.02, 0.05), ('v', 0.09, 0.13), ('b', 0.13, 0.17), ('v', 0.71, 0.8), ('m', 0.95, 1.05), ('m', 1.44, 1.5), ('v', 1.87, 1.97), ('f', 2.11, 2.14)]","[('m', 0.096, 0.146), ('p', 0.236, 0.296), ('p', 0.536, 0.626), ('m', 0.686, 0.756), ('m', 1.136, 1.196), ('m', 1.386, 1.476), ('f', 2.496, 2.596)]",8,7
245,s2_6_seg246,"[('m', 0.3, 0.46)]","[('m', 0.536, 0.596), ('p', 0.786, 0.866)]",1,2
246,s2_6_seg247,"[('b', 0.04, 0.1), ('m', 1.02, 1.12), ('w', 1.51, 1.6), ('m', 1.92, 1.97), ('w', 1.97, 2.0)]","[('p', 0.006, 0.046), ('m', 0.556, 0.616), ('m', 0.726, 0.786), ('m', 0.816, 0.896), ('F', 0.956, 0.996), ('f', 0.996, 1.046), ('m', 2.066, 2.116), ('b', 2.116, 2.166), ('p', 2.566, 2.626), ('p', 2.996, 3.066), ('p', 3.836, 3.886), ('m', 4.786, 4.826), ('m', 5.026, 5.096), ('m', 5.326, 5.396), ('p', 5.456, 5.506), ('p', 5.776, 5.826), ('B', 6.096, 6.146), ('m', 6.376, 6.426), ('m', 7.576, 7.626), ('m', 8.276, 8.306)]",5,20
247,s2_6_seg248,"[('f', 0.06, 0.16), ('w', 0.33, 0.36), ('m', 1.02, 1.1), ('m', 1.1, 1.16)]","[('p', 0.346, 0.396), ('m', 0.956, 1.066)]",4,2
248,s2_6_seg249,[],[],0,0
249,s2_6_seg250,"[('v', 0.17, 0.23), ('b', 0.58, 0.63)]","[('m', 0.526, 0.586), ('B', 0.676, 0.726), ('p', 1.066, 1.136)]",2,3
250,s2_6_seg251,"[('f', 0.57, 0.63), ('b', 0.87, 0.91), ('b', 3.24, 3.28)]","[('p', 0.286, 0.366), ('m', 1.466, 1.506), ('p', 3.096, 3.146), ('m', 3.256, 3.316)]",3,4
251,s2_6_seg252,"[('m', 0.04, 0.19), ('w', 0.79, 0.84), ('w', 1.94, 1.99), ('f', 2.115, 2.17), ('m', 2.21, 2.27)]","[('m', 0.0, 0.136), ('B', 0.986, 1.066), ('w', 1.266, 1.316), ('p', 1.566, 1.626), ('w', 1.626, 1.696), ('B', 1.966, 2.016), ('m', 2.086, 2.146)]",5,7
252,s2_6_seg253,"[('b', 0.0, 0.13), ('v', 0.46, 0.49), ('m', 0.49, 0.57)]","[('p', 0.0, 0.056), ('p', 0.976, 1.036), ('f', 1.146, 1.216), ('m', 1.396, 1.456)]",3,4
253,s2_6_seg254,[],[],0,0
254,s2_6_seg255,"[('w', 0.03, 0.16), ('b', 0.22, 0.28), ('v', 0.53, 0.6)]","[('m', 0.096, 0.166), ('b', 0.166, 0.206), ('m', 0.746, 0.786), ('m', 0.986, 1.046)]",3,4
255,s2_6_seg256,"[('v', 0.63, 0.76), ('m', 0.98, 1.06), ('w', 1.06, 1.15), ('m', 1.4, 1.5), ('p', 1.82, 1.85), ('m', 2.1, 2.14), ('w', 2.14, 2.17), ('m', 3.14, 3.2), ('f', 3.9, 3.97), ('m', 4.15, 4.18)]","[('m', 1.436, 1.506), ('p', 1.756, 1.826), ('p', 2.856, 2.936), ('w', 2.936, 2.996), ('m', 4.306, 4.406), ('m', 4.546, 4.626)]",10,6
256,s2_6_seg257,[],"[('w', 0.406, 0.516)]",0,1
257,s2_6_seg258,"[('v', 0.68, 0.77)]","[('B', 0.956, 0.986), ('B', 1.076, 1.116)]",1,2
258,s2_6_seg259,"[('v', 0.35, 0.4)]","[('B', 0.426, 0.456)]",1,1
259,s2_6_seg260,"[('w', 0.12, 0.15), ('m', 0.52, 0.57), ('f', 0.69, 0.72), ('p', 1.12, 1.17)]","[('b', 0.016, 0.066), ('p', 0.306, 0.356), ('p', 0.736, 0.786), ('B', 1.236, 1.266)]",4,4
260,s2_6_seg261,"[('m', 2.82, 3.95), ('b', 3.98, 4.01), ('w', 4.12, 4.22), ('w', 4.73, 4.77), ('m', 4.87, 4.91), ('p', 5.14, 5.21)]","[('m', 0.436, 0.506), ('m', 1.026, 1.056), ('b', 4.046, 4.116), ('p', 4.736, 4.806)]",6,4
261,s2_6_seg262,"[('p', 0.92, 1.02)]","[('p', 0.486, 0.526), ('p', 0.766, 0.826)]",1,2
262,s2_6_seg263,"[('w', 0.27, 0.34), ('m', 0.59, 0.66), ('b', 0.77, 0.82), ('b', 1.08, 1.13), ('m', 1.47, 1.52)]","[('p', 0.516, 0.596), ('m', 1.036, 1.106), ('p', 1.516, 1.586), ('B', 1.666, 1.716)]",5,4
263,s2_6_seg264,"[('m', 3.23, 3.3)]","[('m', 0.326, 0.356)]",1,1
264,s2_6_seg265,"[('f', 0.17, 0.25), ('m', 0.6, 0.66), ('b', 0.79, 0.84), ('b', 1.1, 1.16)]","[('m', 0.266, 0.326), ('b', 0.326, 0.366), ('f', 0.766, 0.796), ('m', 1.006, 1.086)]",4,4
265,s2_6_seg266,"[('m', 0.0, 0.08), ('w', 0.67, 0.7)]","[('p', 0.006, 0.036), ('w', 0.686, 0.726)]",2,2
266,s2_6_seg267,"[('m', 4.6, 4.7)]","[('b', 0.026, 0.116), ('m', 4.386, 4.446), ('B', 4.446, 4.486)]",1,3
267,s2_6_seg268,"[('b', 0.37, 0.42), ('v', 0.76, 0.83), ('m', 1.19, 1.23)]","[('m', 0.746, 0.776), ('m', 0.866, 0.896), ('m', 1.446, 1.476), ('b', 1.476, 1.516)]",3,4
268,s2_6_seg269,"[('w', 0.0, 0.14)]",[],1,0
269,s2_6_seg270,"[('m', 0.17, 0.2), ('b', 0.2, 0.24), ('v', 0.59, 0.62)]","[('p', 0.016, 0.046), ('B', 0.426, 0.466), ('B', 0.766, 0.816)]",3,3
270,s2_6_seg271,"[('w', 1.08, 1.17), ('w', 2.23, 2.27), ('w', 2.42, 2.45), ('v', 2.61, 2.65), ('b', 2.7, 2.81), ('v', 2.99, 3.12), ('b', 3.24, 3.29)]","[('B', 1.416, 1.466), ('b', 2.206, 2.256), ('b', 2.876, 2.906)]",7,3
271,s2_6_seg272,"[('f', 0.56, 0.66)]","[('B', 0.306, 0.376), ('B', 2.036, 2.066), ('m', 2.126, 2.206), ('b', 2.206, 2.256)]",1,4
272,s2_6_seg273,"[('b', 0.43, 0.46)]","[('p', 0.546, 0.576)]",1,1
273,s2_6_seg274,"[('f', 0.13, 0.22)]","[('p', 0.0, 0.066), ('p', 0.266, 0.336), ('w', 0.336, 0.386)]",1,3
274,s2_6_seg275,"[('f', 0.17, 0.31), ('b', 0.705, 0.76), ('v', 2.14, 2.19), ('m', 3.08, 3.14)]","[('f', 0.206, 0.236), ('p', 0.336, 0.416), ('p', 0.786, 0.816), ('p', 1.906, 2.136), ('m', 3.196, 3.256)]",4,5
275,s2_6_seg276,"[('p', 0.39, 0.43), ('m', 0.47, 0.62)]","[('m', 3.756, 3.786), ('p', 3.786, 3.816)]",2,2
276,s2_6_seg277,"[('b', 0.93, 0.96)]","[('b', 0.986, 1.016)]",1,1
277,s2_6_seg278,"[('b', 0.24, 0.29), ('p', 3.2, 3.29), ('f', 3.46, 3.49), ('m=', 3.49, 3.53), ('w', 4.05, 4.12), ('m', 4.4, 4.47)]","[('B', 1.746, 1.786), ('B', 1.856, 1.896), ('p', 3.316, 3.346), ('p', 4.036, 4.096), ('m', 4.406, 4.466)]",6,5
278,s2_6_seg279,"[('w', 0.0, 0.05), ('m', 0.15, 0.18), ('w', 0.3, 0.33), ('v', 0.4, 0.44), ('p', 0.58, 0.63), ('f', 1.71, 1.74), ('p', 1.89, 1.92), ('m', 2.3, 2.34), ('f', 2.54, 2.57)]","[('m', 0.216, 0.286), ('B', 0.586, 0.656), ('p', 2.636, 2.676), ('w', 2.676, 2.706)]",9,4
279,s2_6_seg280,"[('m', 0.21, 0.24), ('m', 0.61, 0.71), ('m', 1.22, 1.27)]","[('B', 0.156, 0.186), ('p', 1.076, 1.146)]",3,2
280,s2_6_seg281,"[('w', 0.69, 0.76), ('b', 0.98, 1.03)]","[('f', 1.051, 1.096), ('w', 1.096, 1.176), ('m', 1.486, 1.516)]",2,3
281,s2_6_seg282,"[('b', 0.95, 0.99), ('w', 1.55, 1.58), ('v', 1.67, 2.24)]","[('m', 1.976, 2.326)]",3,1
282,s2_6_seg283,"[('m', 0.45, 0.48)]",[],1,0
283,s2_6_seg284,"[('m', 0.21, 0.28), ('m', 0.51, 0.57), ('v', 0.95, 1.06), ('v', 3.74, 3.77), ('w', 4.7, 4.82), ('v', 5.28, 5.34), ('v', 5.59, 5.67), ('m', 5.71, 5.8)]","[('m', 0.296, 0.346), ('B', 1.076, 1.146), ('p', 4.646, 4.676), ('m', 5.506, 5.556), ('B', 5.836, 5.876)]",8,5
284,s2_6_seg285,[],"[('m', 3.076, 3.166)]",0,1
285,s2_6_seg286,"[('m', 0.39, 0.45)]","[('w', 0.156, 0.206), ('m', 0.486, 0.526)]",1,2
286,s2_6_seg287,"[('m', 0.07, 0.1), ('m', 2.98, 3.06), ('v', 3.26, 3.29), ('b', 3.29, 3.32), ('p', 3.64, 3.7), ('f', 3.88, 3.96)]","[('B', 2.786, 2.826)]",6,1
287,s2_6_seg288,"[('v', 0.39, 0.43), ('m', 0.53, 0.6)]","[('m', 0.356, 0.436), ('m', 0.516, 0.596), ('p', 0.916, 0.986)]",2,3
288,s2_6_seg289,"[('v', 2.47, 2.52), ('f', 2.66, 2.74), ('v', 2.89, 2.96)]","[('p', 0.266, 0.296)]",3,1
289,s2_6_seg290,"[('m', 1.13, 2.68), ('m', 2.71, 3.14), ('w', 3.3, 3.33), ('b', 3.37, 3.42), ('f', 3.71, 3.85), ('f', 4.03, 4.07), ('w', 4.18, 4.28), ('m', 5.49, 5.57), ('f', 6.07, 6.11), ('v', 6.5, 6.57)]","[('m', 0.186, 0.276), ('w', 0.636, 0.696), ('B', 3.196, 3.296), ('m', 5.516, 5.566), ('B', 6.296, 6.356)]",10,5
290,s2_6_seg291,"[('p', 0.0, 0.16)]","[('p', 0.0, 0.066), ('f', 0.386, 0.486), ('B', 0.536, 0.586)]",1,3
291,s2_6_seg292,[],[],0,0
292,s2_6_seg293,"[('v', 0.3, 0.36)]",[],1,0
293,s2_6_seg294,"[('w', 0.0, 0.07), ('w', 1.23, 1.32)]","[('p', 0.166, 0.246), ('m', 1.246, 1.326), ('B', 2.246, 2.286)]",2,3
294,s2_6_seg295,"[('w', 0.11, 0.19), ('w', 0.25, 0.31), ('w', 0.96, 0.99), ('m', 1.08, 1.15), ('f', 2.83, 2.95), ('p', 3.29, 3.35)]","[('m', 0.706, 0.766), ('m', 1.176, 1.246), ('b', 1.246, 1.276), ('w', 3.946, 4.026)]",6,4
295,s2_6_seg296,[],[],0,0
296,s2_6_seg297,"[('w', 0.25, 0.32), ('f', 1.98, 2.04), ('m', 2.27, 2.32), ('f', 3.32, 3.39)]","[('m', 1.686, 1.746), ('B', 3.616, 3.676)]",4,2
297,s2_6_seg298,"[('w', 0.28, 0.31), ('v', 0.51, 0.56)]",[],2,0
298,s2_6_seg299,"[('w', 0.11, 0.14), ('w', 0.36, 0.39), ('w', 1.22, 1.25), ('m', 3.81, 3.87), ('p', 3.87, 3.9)]","[('f', 0.396, 0.456), ('w', 0.456, 0.516), ('f', 2.556, 2.586), ('m', 3.406, 3.466), ('p', 3.466, 3.496), ('B', 4.066, 4.126)]",5,6
299,s2_6_seg300,"[('v', 0.56, 0.62), ('m', 0.86, 0.89), ('m', 1.01, 1.04), ('b', 2.47, 2.52), ('w', 3.28, 3.34), ('m', 3.78, 3.81), ('f', 3.98, 4.01), ('m', 4.1, 4.13)]","[('p', 0.146, 0.226), ('m', 0.706, 0.756), ('m', 0.816, 0.876), ('m', 2.686, 2.756), ('m', 3.626, 3.676), ('f', 3.751, 3.796), ('m', 3.846, 3.906)]",8,7
300,s2_6_seg301,"[('m', 0.26, 0.31), ('f', 0.46, 0.53), ('w', 0.95, 1.03)]","[('p', 0.196, 0.226), ('f', 0.886, 0.946)]",3,2
301,s2_6_seg302,"[('p', 0.77, 0.81), ('m', 3.82, 3.92), ('b', 5.9, 5.93), ('m', 6.49, 6.56), ('f', 6.91, 6.95)]","[('p', 0.0, 0.046), ('w', 0.046, 0.156), ('w', 3.406, 3.436), ('F', 6.606, 6.646), ('f', 6.646, 6.736)]",5,5
302,s2_6_seg303,[],[],0,0
303,s2_6_seg304,"[('v', 0.42, 0.48), ('b', 0.48, 0.52), ('f', 1.68, 1.72)]","[('B', 1.646, 1.696), ('B', 2.096, 2.176)]",3,2
304,s2_6_seg305,"[('m', 0.19, 0.22), ('m', 0.22, 0.25), ('f', 0.4, 0.44), ('w', 0.92, 0.95), ('m', 1.21, 1.3), ('b', 1.58, 1.64), ('w', 2.24, 2.32), ('b', 2.41, 2.5)]","[('b', 0.026, 0.156), ('m', 0.256, 0.296), ('m', 0.566, 0.616), ('B', 1.456, 1.526), ('B', 1.636, 1.686), ('w', 2.186, 2.256)]",8,6
305,s2_6_seg306,"[('f', 0.17, 0.21), ('w', 0.28, 0.31), ('p', 0.75, 0.81), ('m', 0.84, 0.93), ('f', 1.52, 1.57)]","[('w', 0.656, 0.716)]",5,1
306,s2_6_seg307,"[('m', 0.15, 0.21)]","[('p', 0.256, 0.336)]",1,1
307,s2_6_seg308,"[('f', 1.37, 1.42), ('v', 1.81, 1.84), ('w', 2.04, 2.13), ('m', 2.26, 2.29), ('m', 2.61, 2.7), ('f', 2.77, 2.84), ('f', 3.02, 3.12), ('f', 3.42, 3.46), ('b', 4.37, 4.5), ('v', 5.1, 5.21)]","[('B', 0.276, 0.326), ('p', 1.556, 1.626), ('w', 1.626, 1.666), ('B', 1.946, 2.006), ('B', 2.546, 2.586), ('w', 2.586, 2.646), ('p', 2.816, 2.856), ('B', 3.206, 3.246), ('p', 3.366, 3.436), ('p', 4.396, 4.476), ('m', 5.206, 5.286)]",10,11
308,s2_6_seg309,"[('f', 0.74, 0.87), ('b', 1.61, 1.65), ('m', 2.04, 2.12)]","[('m', 0.726, 0.786), ('m', 1.386, 1.436)]",3,2
309,s2_6_seg310,[],[],0,0
310,s2_6_seg311,[],"[('B', 0.316, 0.386)]",0,1
311,s2_6_seg312,"[('p', 0.26, 0.3), ('b', 2.0, 2.03)]","[('p', 0.136, 0.166), ('p', 1.756, 1.806)]",2,2
312,s2_6_seg313,[],"[('B', 0.236, 0.266), ('p', 0.516, 0.576)]",0,2
313,s2_6_seg314,"[('f', 0.78, 0.85), ('v', 1.14, 1.18), ('w', 1.18, 1.22), ('w', 2.54, 2.59), ('m', 2.71, 2.79)]","[('m', 0.016, 0.066), ('m', 0.316, 0.406), ('p', 0.726, 0.776), ('m', 2.666, 2.736), ('b', 2.736, 2.786)]",5,5
314,s2_6_seg315,"[('m', 0.07, 0.12)]","[('m', 0.406, 0.446)]",1,1
315,s2_6_seg316,"[('v', 0.17, 0.2), ('b', 0.2, 0.24), ('m', 0.76, 0.85), ('f', 3.13, 3.18), ('m', 3.66, 3.73), ('b', 4.1, 4.13), ('m', 4.32, 4.42), ('b', 4.42, 4.45), ('w', 4.59, 4.62), ('p', 4.65, 4.68)]","[('m', 0.016, 0.106), ('m', 0.306, 0.346), ('p', 1.026, 1.066), ('p', 1.376, 1.426), ('p', 3.176, 3.256), ('m', 3.346, 3.406), ('m', 3.536, 3.566), ('m', 4.426, 4.496), ('p', 4.586, 4.626), ('w', 4.626, 4.716), ('m', 5.036, 5.116)]",10,11
316,s2_6_seg317,"[('m', 0.63, 0.74), ('p', 0.97, 1.06), ('b', 1.49, 1.58), ('p', 1.81, 1.9), ('b', 2.09, 2.13)]","[('w', 0.026, 0.066), ('m', 0.206, 0.276), ('m', 0.536, 0.586), ('p', 1.196, 1.256), ('m', 1.486, 1.516), ('f', 1.726, 1.806)]",5,6
317,s2_6_seg318,"[('p', 0.4, 0.43)]","[('p', 0.306, 0.356), ('p', 2.336, 2.366)]",1,2
318,s2_6_seg319,"[('w', 0.57, 0.65), ('w', 0.96, 0.99), ('v', 1.39, 1.47), ('v', 1.84, 1.93)]","[('m', 1.986, 2.036)]",4,1
319,s2_6_seg320,"[('w', 0.47, 0.52), ('b', 0.59, 0.62), ('b', 1.04, 1.07), ('f', 1.21, 1.24), ('v', 1.31, 4.19), ('w', 4.33, 4.44)]","[('B', 0.266, 0.366), ('m', 1.346, 1.406), ('m', 4.556, 4.596), ('w', 5.096, 5.126), ('m', 5.436, 5.556)]",6,5
320,s2_6_seg321,"[('w', 0.0, 0.03), ('m', 0.09, 0.17), ('p', 0.63, 0.73), ('w', 0.82, 0.86), ('b', 1.0, 1.07)]","[('B', 0.156, 0.186), ('B', 0.776, 0.826), ('B', 0.926, 0.956), ('B', 1.006, 1.046)]",5,4
321,s2_6_seg322,"[('p', 0.93, 0.99)]","[('B', 0.216, 0.266), ('m', 0.606, 0.666)]",1,2
322,s2_6_seg323,"[('v', 0.67, 0.73), ('w', 1.43, 1.56), ('m', 2.34, 2.45), ('m', 2.81, 2.91), ('p', 2.91, 2.98), ('m', 3.1, 3.15), ('b', 3.3, 3.37), ('b', 3.61, 3.65), ('m', 4.62, 4.67), ('p', 5.48, 5.52)]","[('p', 0.246, 0.276), ('B', 0.946, 1.006), ('m', 2.056, 2.106), ('p', 2.106, 2.176), ('B', 2.266, 2.296), ('m', 2.706, 2.776), ('B', 3.286, 3.326), ('B', 3.636, 3.706)]",10,8
323,s2_6_seg324,[],"[('m', 0.126, 0.156)]",0,1
324,s2_6_seg325,"[('w', 0.04, 0.08)]",[],1,0
325,s2_6_seg326,"[('f', 0.18, 0.22), ('m', 0.28, 0.33), ('f', 0.9, 1.05), ('m', 1.42, 1.49), ('b', 1.49, 1.54)]","[('F', 0.096, 0.126), ('f', 0.126, 0.176), ('m', 0.276, 0.306), ('m', 0.666, 0.736), ('m', 0.816, 0.886), ('f', 1.376, 1.496)]",5,6
326,s2_6_seg327,"[('f', 0.12, 0.155), ('v', 0.3, 0.35), ('w', 0.65, 0.68), ('w', 1.73, 1.77), ('m', 3.35, 3.45)]","[('p', 0.706, 0.736), ('p', 1.216, 1.286), ('p', 1.526, 1.576), ('m', 2.036, 2.116), ('w', 2.676, 2.726), ('m', 2.946, 3.006), ('m', 3.056, 3.126), ('m', 5.406, 5.456), ('m', 6.036, 6.066)]",5,9
327,s2_6_seg328,"[('f', 0.22, 0.36)]","[('m', 0.686, 0.716)]",1,1
328,s2_6_seg329,"[('w', 1.17, 1.27), ('f', 3.03, 3.1), ('p', 3.37, 3.4)]","[('B', 0.536, 0.576), ('m', 2.506, 2.566)]",3,2
329,s2_6_seg330,"[('p', 0.19, 0.32), ('v', 1.24, 1.34), ('f', 2.4, 2.43)]","[('p', 0.246, 0.276)]",3,1
330,s2_6_seg331,"[('m', 0.26, 0.29), ('p', 0.58, 0.65), ('p', 1.19, 1.25)]","[('p', 0.016, 0.046), ('m', 0.476, 0.576), ('w', 1.236, 1.266)]",3,3
331,s2_6_seg332,"[('v', 0.67, 0.73), ('m', 1.14, 1.24), ('f', 1.84, 1.92)]","[('B', 1.636, 1.716)]",3,1
332,s2_6_seg333,[],"[('m', 0.0, 0.126)]",0,1
333,s2_6_seg334,"[('m', 0.25, 0.32), ('m', 0.48, 0.53), ('m', 2.27, 2.33)]","[('m', 0.086, 0.136), ('m', 0.186, 0.236), ('p', 0.326, 0.396), ('B', 2.736, 2.776)]",3,4
334,s2_6_seg335,[],[],0,0
335,s2_6_seg336,[],[],0,0
336,s2_6_seg337,[],[],0,0
337,s2_6_seg338,[],"[('m', 0.116, 0.186)]",0,1
338,s2_6_seg339,"[('m', 0.04, 0.08), ('f', 0.08, 0.14), ('b', 0.36, 0.39), ('b', 1.73, 1.76), ('m', 1.91, 1.95), ('f', 2.56, 2.59), ('m', 3.15, 3.25), ('p', 3.25, 3.28)]","[('m', 0.016, 0.196), ('m', 0.426, 0.456), ('B', 1.596, 1.636), ('w', 1.636, 1.806), ('B', 1.866, 1.896), ('m', 3.026, 3.086), ('p', 3.086, 3.116)]",8,7
339,s2_6_seg340,"[('m', 0.49, 0.52), ('b', 0.77, 0.82), ('w', 0.89, 0.97), ('w', 1.17, 1.21), ('m', 1.4, 1.48), ('f', 1.48, 1.59), ('w', 1.69, 1.77)]","[('m', 0.156, 0.216), ('b', 0.496, 0.556), ('B', 0.846, 0.876), ('p', 1.126, 1.156)]",7,4
340,s2_6_seg341,"[('p', 1.24, 1.29)]","[('m', 1.496, 1.556), ('p', 1.556, 1.586)]",1,2
341,s2_6_seg342,"[('p', 1.47, 1.5), ('p', 1.99, 2.02), ('b', 2.48, 2.52), ('b', 2.73, 2.81)]","[('m', 1.496, 1.556), ('p', 2.196, 2.236), ('B', 2.366, 2.396), ('B', 2.556, 2.606), ('p', 2.856, 2.976)]",4,5
342,s2_6_seg343,"[('p', 0.45, 0.48), ('p', 0.58, 0.62), ('m', 1.42, 3.49), ('b', 3.56, 3.59), ('b', 3.7, 3.78), ('m', 3.97, 4.05), ('w', 4.99, 5.02), ('v', 5.2, 5.25), ('m', 5.45, 5.56)]","[('B', 0.326, 0.366), ('m', 0.406, 0.496), ('B', 1.226, 1.256), ('f', 3.546, 3.576), ('m', 3.576, 3.646), ('w', 3.706, 4.066), ('p', 4.986, 5.046), ('B', 5.116, 5.166), ('m', 5.306, 5.356), ('F', 5.656, 5.706), ('f', 5.706, 5.766)]",9,11
343,s2_6_seg344,"[('w', 0.28, 0.34), ('m', 0.48, 0.55), ('m', 0.68, 0.73), ('m', 1.43, 1.48), ('m', 1.59, 1.62)]","[('m', 0.346, 0.386), ('m', 1.246, 1.306), ('m', 1.426, 1.496)]",5,3
344,s2_6_seg345,[],"[('B', 0.566, 0.606)]",0,1
345,s2_6_seg346,[],"[('p', 0.026, 0.056), ('p', 0.156, 0.186)]",0,2
346,s2_6_seg347,"[('w', 0.0, 0.03), ('p', 0.69, 0.76)]",[],2,0
347,s2_6_seg348,"[('m', 0.23, 0.26), ('w', 0.26, 0.29), ('w', 0.6, 0.63), ('m', 0.95, 0.99)]","[('B', 0.426, 0.456), ('B', 0.696, 0.726)]",4,2
348,s2_6_seg349,"[('w', 0.1, 0.13), ('w', 0.27, 0.34), ('b', 0.72, 0.77), ('m', 1.1, 1.17), ('p', 1.17, 1.21)]","[('m', 0.296, 0.366), ('m', 0.736, 0.796), ('m', 0.906, 0.936), ('m', 1.136, 1.216), ('p', 1.216, 1.246)]",5,5
349,s2_6_seg350,"[('w', 0.11, 0.22), ('p', 1.55, 1.59), ('m', 2.35, 2.4)]","[('m', 0.116, 0.176), ('m', 0.646, 0.756), ('p', 0.756, 0.786), ('p', 1.316, 1.356)]",3,4
350,s2_6_seg351,"[('m', 0.23, 0.26), ('m', 0.44, 0.48), ('b', 0.87, 0.9)]","[('w', 0.466, 0.496), ('m', 0.866, 0.966), ('b', 0.966, 0.996)]",3,3
351,s2_6_seg352,"[('b', 0.8, 0.85), ('m', 1.39, 1.45), ('p', 1.45, 1.51), ('b', 1.99, 2.03), ('v', 3.9, 3.93)]","[('m', 1.276, 1.346), ('p', 1.346, 1.376)]",5,2
352,s2_6_seg353,"[('w', 0.07, 0.16), ('w', 0.74, 0.77), ('m', 0.83, 1.14), ('p', 1.32, 1.41)]","[('p', 0.316, 0.376), ('p', 1.316, 1.346), ('w', 1.346, 1.446)]",4,3
353,s2_6_seg354,"[('w', 0.0, 0.05), ('f', 0.31, 0.4)]",[],2,0
354,s2_6_seg355,"[('p', 0.0, 0.03), ('m', 0.4, 0.45), ('m', 0.99, 2.26), ('w', 2.26, 2.31), ('f', 2.45, 2.52)]","[('m', 0.136, 0.196), ('p', 2.486, 2.516), ('f', 2.851, 2.896)]",5,3
355,s2_6_seg356,"[('p', 0.03, 0.12), ('w', 1.3, 1.33)]","[('p', 0.0, 0.066), ('m', 1.486, 1.516), ('m', 1.626, 1.736)]",2,3
356,s2_6_seg357,"[('w', 4.92, 5.03)]","[('w', 0.666, 0.696), ('B', 0.726, 0.756)]",1,2
357,s2_6_seg358,"[('w', 0.0, 0.04), ('v', 0.33, 0.38), ('w', 0.47, 0.53), ('v', 4.07, 4.11), ('w', 4.25, 4.28)]","[('B', 4.666, 4.696), ('w', 4.826, 4.866)]",5,2
358,s2_6_seg359,[],"[('m', 1.096, 1.176)]",0,1
